-- phpMyAdmin SQL Dump
-- version phpStudy 2014
-- http://www.phpmyadmin.net
--
-- 主机: localhost
-- 生成日期: 2019 年 04 月 29 日 09:18
-- 服务器版本: 5.5.53
-- PHP 版本: 5.4.45

SET SQL_MODE="NO_AUTO_VALUE_ON_ZERO";
SET time_zone = "+00:00";


/*!40101 SET @OLD_CHARACTER_SET_CLIENT=@@CHARACTER_SET_CLIENT */;
/*!40101 SET @OLD_CHARACTER_SET_RESULTS=@@CHARACTER_SET_RESULTS */;
/*!40101 SET @OLD_COLLATION_CONNECTION=@@COLLATION_CONNECTION */;
/*!40101 SET NAMES utf8 */;

--
-- 数据库: `myblog`
--

-- --------------------------------------------------------

--
-- 表的结构 `m_abl_classfiy`
--

CREATE TABLE IF NOT EXISTS `m_abl_classfiy` (
  `mac_id` int(11) unsigned NOT NULL AUTO_INCREMENT COMMENT 'id',
  `a_id` int(11) unsigned NOT NULL COMMENT '相片id',
  `acy_id` int(11) unsigned NOT NULL COMMENT '相片分类id',
  PRIMARY KEY (`mac_id`)
) ENGINE=MyISAM  DEFAULT CHARSET=utf8 COMMENT='相片与相片分类的中间表' AUTO_INCREMENT=703 ;

--
-- 转存表中的数据 `m_abl_classfiy`
--

INSERT INTO `m_abl_classfiy` (`mac_id`, `a_id`, `acy_id`) VALUES
(177, 195, 2),
(176, 194, 2),
(175, 184, 2),
(174, 188, 2),
(173, 187, 2),
(172, 193, 2),
(171, 185, 2),
(170, 191, 2),
(169, 192, 2),
(168, 186, 2),
(167, 190, 2),
(166, 189, 2),
(165, 183, 1),
(164, 182, 1),
(163, 181, 1),
(162, 180, 1),
(161, 179, 1),
(160, 177, 1),
(159, 178, 1),
(158, 176, 1),
(157, 172, 1),
(156, 171, 1),
(155, 175, 1),
(154, 173, 1),
(153, 174, 1),
(152, 170, 1),
(151, 168, 1),
(150, 167, 1),
(149, 169, 1),
(148, 166, 1),
(147, 162, 1),
(146, 165, 1),
(145, 163, 1),
(144, 164, 1),
(143, 160, 1),
(142, 161, 1),
(141, 156, 1),
(140, 158, 1),
(139, 159, 1),
(138, 157, 1),
(137, 155, 1),
(136, 154, 1),
(135, 153, 1),
(134, 152, 1),
(133, 150, 1),
(132, 151, 1),
(131, 149, 1),
(130, 148, 1),
(129, 147, 1),
(128, 143, 1),
(127, 146, 1),
(126, 145, 1),
(125, 144, 1),
(124, 142, 1),
(123, 141, 1),
(122, 140, 1),
(121, 138, 1),
(120, 136, 1),
(119, 135, 1),
(118, 137, 1),
(117, 133, 1),
(116, 139, 1),
(115, 134, 1),
(114, 132, 1),
(113, 131, 1),
(178, 196, 2),
(179, 197, 2),
(180, 198, 2),
(181, 199, 2),
(182, 201, 2),
(183, 200, 2),
(184, 203, 2),
(185, 202, 2),
(186, 204, 2),
(187, 205, 2),
(188, 206, 2),
(189, 209, 2),
(190, 211, 2),
(191, 207, 2),
(192, 208, 2),
(193, 212, 2),
(194, 216, 2),
(195, 214, 2),
(196, 213, 2),
(197, 210, 2),
(198, 215, 2),
(199, 219, 2),
(200, 217, 2),
(201, 218, 2),
(202, 220, 2),
(203, 221, 2),
(204, 222, 2),
(205, 223, 2),
(206, 224, 2),
(207, 225, 2),
(208, 226, 2),
(209, 228, 2),
(210, 227, 2),
(211, 229, 2),
(212, 230, 2),
(213, 231, 2),
(214, 232, 2),
(215, 233, 2),
(216, 234, 2),
(217, 235, 2),
(218, 236, 2),
(219, 237, 2),
(220, 238, 2),
(221, 239, 2),
(222, 240, 2),
(223, 241, 2),
(224, 242, 2),
(225, 243, 2),
(226, 244, 2),
(227, 245, 2),
(228, 246, 2),
(229, 247, 2),
(230, 249, 2),
(231, 248, 2),
(232, 252, 2),
(233, 250, 2),
(234, 251, 2),
(235, 253, 6),
(236, 254, 6),
(237, 256, 6),
(238, 255, 6),
(239, 263, 6),
(240, 257, 6),
(241, 260, 6),
(242, 258, 6),
(243, 259, 6),
(244, 261, 6),
(245, 262, 6),
(246, 264, 6),
(247, 265, 6),
(248, 269, 6),
(249, 267, 6),
(250, 268, 6),
(251, 266, 6),
(252, 270, 6),
(253, 272, 6),
(254, 273, 6),
(255, 271, 6),
(256, 274, 6),
(257, 275, 6),
(258, 276, 6),
(259, 277, 6),
(260, 279, 6),
(261, 278, 6),
(262, 280, 6),
(263, 281, 6),
(264, 282, 6),
(265, 283, 6),
(266, 284, 6),
(267, 285, 6),
(268, 286, 6),
(269, 287, 6),
(270, 289, 6),
(271, 288, 6),
(272, 291, 6),
(273, 290, 6),
(274, 292, 6),
(275, 294, 6),
(276, 293, 6),
(277, 295, 6),
(278, 296, 6),
(279, 299, 6),
(280, 301, 6),
(281, 300, 6),
(282, 303, 6),
(283, 302, 6),
(284, 297, 6),
(285, 305, 6),
(286, 298, 6),
(287, 306, 6),
(288, 304, 6),
(289, 307, 6),
(290, 308, 6),
(291, 309, 20),
(292, 313, 20),
(293, 312, 20),
(294, 310, 20),
(295, 311, 20),
(296, 316, 20),
(297, 317, 20),
(298, 314, 20),
(299, 320, 20),
(300, 315, 20),
(301, 318, 20),
(302, 319, 20),
(303, 321, 20),
(304, 322, 20),
(305, 323, 20),
(306, 324, 20),
(307, 329, 20),
(308, 327, 20),
(309, 325, 20),
(310, 326, 20),
(311, 328, 20),
(312, 330, 5),
(313, 331, 5),
(314, 332, 5),
(315, 336, 5),
(316, 334, 5),
(317, 337, 5),
(318, 335, 5),
(319, 333, 5),
(320, 338, 19),
(321, 339, 19),
(322, 340, 19),
(323, 341, 19),
(324, 342, 19),
(325, 343, 19),
(326, 344, 19),
(327, 346, 19),
(328, 345, 19),
(329, 347, 19),
(330, 348, 19),
(331, 349, 19),
(332, 350, 19),
(333, 352, 19),
(334, 351, 19),
(335, 353, 21),
(336, 354, 21),
(337, 355, 21),
(338, 358, 21),
(339, 356, 21),
(340, 357, 21),
(341, 360, 21),
(342, 359, 21),
(343, 361, 21),
(344, 362, 21),
(345, 363, 21),
(346, 364, 21),
(347, 365, 21),
(348, 366, 21),
(349, 367, 21),
(350, 368, 21),
(351, 369, 21),
(352, 376, 21),
(353, 372, 21),
(354, 371, 21),
(355, 373, 21),
(356, 375, 21),
(357, 370, 21),
(358, 374, 21),
(359, 377, 21),
(360, 378, 21),
(361, 379, 21),
(362, 380, 21),
(363, 381, 21),
(364, 384, 21),
(365, 385, 21),
(366, 382, 21),
(367, 383, 21),
(368, 386, 21),
(369, 387, 21),
(370, 388, 21),
(371, 389, 21),
(372, 390, 21),
(373, 391, 21),
(374, 392, 21),
(375, 394, 21),
(376, 395, 21),
(377, 393, 21),
(378, 396, 21),
(379, 397, 21),
(380, 398, 21),
(381, 399, 21),
(382, 400, 21),
(383, 402, 21),
(384, 403, 21),
(385, 406, 21),
(386, 405, 21),
(387, 404, 21),
(388, 407, 21),
(389, 401, 21),
(390, 408, 21),
(391, 409, 21),
(392, 411, 21),
(393, 410, 21),
(394, 414, 21),
(395, 413, 21),
(396, 412, 21),
(397, 415, 21),
(398, 417, 21),
(399, 416, 21),
(400, 418, 21),
(401, 421, 21),
(402, 420, 21),
(403, 419, 21),
(404, 422, 21),
(405, 425, 21),
(406, 424, 21),
(407, 426, 21),
(408, 423, 21),
(409, 429, 21),
(410, 427, 21),
(411, 430, 21),
(412, 431, 21),
(413, 428, 21),
(414, 433, 21),
(415, 432, 21),
(416, 434, 21),
(417, 436, 21),
(418, 435, 21),
(419, 437, 21),
(420, 438, 21),
(421, 439, 21),
(422, 440, 21),
(423, 441, 21),
(424, 445, 21),
(425, 444, 21),
(426, 442, 21),
(427, 443, 21),
(428, 446, 7),
(429, 447, 7),
(430, 448, 7),
(431, 449, 7),
(432, 450, 7),
(433, 452, 7),
(434, 454, 7),
(435, 453, 7),
(436, 451, 7),
(437, 455, 7),
(438, 457, 7),
(439, 456, 7),
(440, 458, 7),
(441, 459, 7),
(442, 460, 7),
(443, 463, 7),
(444, 461, 7),
(445, 462, 7),
(446, 464, 17),
(447, 466, 17),
(448, 467, 17),
(449, 468, 17),
(450, 465, 17),
(451, 469, 16),
(452, 471, 18),
(453, 470, 18),
(454, 472, 18),
(455, 473, 11),
(456, 474, 10),
(457, 475, 10),
(458, 476, 8),
(459, 477, 8),
(460, 478, 8),
(461, 479, 8),
(462, 480, 8),
(463, 481, 8),
(464, 482, 8),
(465, 483, 8),
(466, 484, 8),
(467, 485, 8),
(468, 486, 8),
(469, 487, 8),
(470, 488, 9),
(471, 489, 9),
(472, 490, 9),
(473, 491, 9),
(474, 492, 9),
(475, 494, 9),
(476, 493, 9),
(477, 495, 9),
(478, 496, 9),
(479, 497, 9),
(480, 498, 9),
(481, 499, 9),
(482, 500, 9),
(483, 502, 9),
(484, 506, 9),
(485, 504, 9),
(486, 503, 9),
(487, 501, 9),
(488, 505, 9),
(489, 508, 7),
(490, 510, 7),
(491, 511, 7),
(492, 509, 18),
(493, 511, 18),
(494, 508, 18),
(495, 507, 7),
(496, 510, 18),
(497, 507, 18),
(498, 509, 7),
(499, 512, 16),
(500, 513, 16),
(501, 514, 16),
(502, 515, 16),
(503, 515, 21),
(504, 516, 16),
(505, 517, 21),
(506, 514, 21),
(507, 513, 21),
(508, 517, 16),
(509, 516, 21),
(510, 518, 16),
(511, 520, 16),
(512, 519, 7),
(513, 519, 16),
(514, 518, 7),
(515, 520, 7),
(516, 521, 11),
(517, 523, 11),
(518, 522, 11),
(519, 523, 21),
(520, 522, 21),
(521, 521, 21),
(522, 524, 11),
(523, 524, 9),
(524, 526, 22),
(525, 525, 7),
(526, 527, 22),
(527, 529, 7),
(528, 525, 22),
(529, 527, 7),
(530, 526, 7),
(531, 528, 22),
(532, 528, 7),
(533, 529, 22),
(534, 530, 22),
(535, 530, 7),
(536, 531, 7),
(537, 532, 7),
(538, 533, 22),
(539, 531, 22),
(540, 533, 7),
(541, 534, 21),
(542, 534, 22),
(543, 532, 22),
(544, 535, 7),
(545, 535, 22),
(546, 536, 21),
(547, 536, 22),
(548, 537, 22),
(549, 538, 21),
(550, 538, 22),
(551, 537, 21),
(552, 539, 6),
(553, 539, 22),
(554, 540, 16),
(555, 540, 21),
(556, 541, 18),
(557, 543, 18),
(558, 541, 21),
(559, 542, 18),
(560, 543, 21),
(561, 542, 21),
(562, 544, 18),
(563, 544, 7),
(564, 545, 18),
(565, 545, 7),
(566, 546, 18),
(567, 546, 7),
(568, 547, 16),
(569, 547, 7),
(570, 548, 22),
(571, 548, 7),
(572, 549, 22),
(573, 549, 21),
(574, 550, 22),
(575, 550, 6),
(576, 551, 10),
(577, 551, 9),
(578, 552, 13),
(579, 552, 9),
(580, 553, 6),
(581, 553, 17),
(582, 554, 18),
(583, 554, 7),
(584, 554, 16),
(585, 555, 7),
(586, 556, 7),
(587, 557, 7),
(588, 557, 18),
(589, 558, 7),
(590, 555, 22),
(591, 555, 18),
(592, 556, 22),
(593, 557, 22),
(594, 556, 18),
(595, 558, 22),
(596, 559, 7),
(597, 558, 18),
(598, 559, 18),
(599, 559, 22),
(600, 560, 7),
(601, 560, 18),
(602, 560, 22),
(603, 561, 18),
(604, 561, 7),
(605, 561, 22),
(606, 562, 7),
(607, 563, 7),
(608, 562, 16),
(609, 564, 22),
(610, 565, 7),
(611, 564, 7),
(612, 564, 16),
(613, 562, 22),
(614, 563, 16),
(615, 563, 22),
(616, 565, 22),
(617, 565, 16),
(618, 566, 7),
(619, 566, 22),
(620, 566, 18),
(621, 566, 16),
(622, 567, 7),
(623, 567, 16),
(624, 567, 22),
(625, 568, 7),
(626, 568, 22),
(627, 567, 18),
(628, 568, 16),
(629, 568, 18),
(630, 569, 16),
(631, 569, 7),
(632, 569, 22),
(633, 569, 18),
(634, 570, 7),
(635, 570, 22),
(636, 570, 16),
(637, 570, 18),
(638, 571, 7),
(639, 571, 22),
(640, 571, 16),
(641, 571, 18),
(642, 572, 7),
(643, 572, 22),
(644, 572, 18),
(645, 572, 16),
(646, 573, 7),
(647, 573, 16),
(648, 573, 18),
(649, 574, 7),
(650, 573, 22),
(651, 574, 22),
(652, 574, 18),
(653, 575, 22),
(654, 574, 16),
(655, 575, 7),
(656, 575, 16),
(657, 575, 18),
(658, 576, 9),
(659, 576, 12),
(660, 576, 11),
(661, 576, 18),
(662, 577, 9),
(663, 577, 15),
(664, 577, 11),
(665, 577, 13),
(666, 578, 15),
(667, 578, 9),
(668, 578, 11),
(669, 578, 13),
(670, 579, 9),
(671, 579, 18),
(672, 579, 11),
(673, 579, 13),
(674, 579, 12),
(675, 579, 15),
(676, 581, 9),
(677, 581, 13),
(678, 581, 15),
(679, 582, 21),
(680, 582, 18),
(681, 582, 16),
(682, 583, 21),
(683, 583, 11),
(684, 583, 22),
(685, 584, 11),
(686, 584, 18),
(687, 584, 21),
(688, 585, 16),
(689, 585, 11),
(690, 586, 7),
(691, 586, 22),
(692, 587, 17),
(693, 587, 18),
(694, 588, 14),
(695, 588, 10),
(696, 589, 13),
(697, 589, 11),
(698, 589, 16),
(699, 590, 13),
(700, 591, 16),
(701, 592, 18),
(702, 593, 18);

-- --------------------------------------------------------

--
-- 表的结构 `m_admin`
--

CREATE TABLE IF NOT EXISTS `m_admin` (
  `a_id` int(11) unsigned NOT NULL AUTO_INCREMENT COMMENT '用户id',
  `a_username` varchar(255) COLLATE utf8mb4_esperanto_ci NOT NULL COMMENT '账号',
  `a_password` varchar(255) COLLATE utf8mb4_esperanto_ci NOT NULL COMMENT '密码',
  `a_age` int(2) unsigned NOT NULL COMMENT '年龄',
  `a_sex` int(1) unsigned NOT NULL COMMENT '性别',
  `a_name` varchar(255) COLLATE utf8mb4_esperanto_ci NOT NULL COMMENT '名称',
  `a_power` int(1) unsigned NOT NULL COMMENT '权限',
  PRIMARY KEY (`a_id`)
) ENGINE=MyISAM  DEFAULT CHARSET=utf8mb4 COLLATE=utf8mb4_esperanto_ci COMMENT='用户表' AUTO_INCREMENT=3 ;

--
-- 转存表中的数据 `m_admin`
--

INSERT INTO `m_admin` (`a_id`, `a_username`, `a_password`, `a_age`, `a_sex`, `a_name`, `a_power`) VALUES
(1, 'if love is divine', 'tan826246.', 19, 1, '谭斌', 3),
(2, 'admin', '123456', 11, 1, '33', 0);

-- --------------------------------------------------------

--
-- 表的结构 `m_album`
--

CREATE TABLE IF NOT EXISTS `m_album` (
  `a_id` int(11) unsigned NOT NULL AUTO_INCREMENT COMMENT 'id',
  `a_url` varchar(255) DEFAULT NULL COMMENT '地址',
  `a_jurisdiction` int(11) unsigned DEFAULT '0' COMMENT '权限',
  `create_time` int(20) NOT NULL COMMENT '添加时间',
  PRIMARY KEY (`a_id`)
) ENGINE=MyISAM  DEFAULT CHARSET=utf8 AUTO_INCREMENT=594 ;

--
-- 转存表中的数据 `m_album`
--

INSERT INTO `m_album` (`a_id`, `a_url`, `a_jurisdiction`, `create_time`) VALUES
(197, 'static/images/picture/235924612.jpg', 0, 1556181174),
(198, 'static/images/picture/136886182.jpg', 0, 1556181174),
(196, 'static/images/picture/186257230.jpg', 0, 1556181174),
(195, 'static/images/picture/122295586.jpg', 0, 1556181174),
(193, 'static/images/picture/085389995.jpg', 0, 1556181174),
(194, 'static/images/picture/101533655.jpg', 0, 1556181174),
(192, 'static/images/picture/081333928.jpg', 0, 1556181174),
(191, 'static/images/picture/012539391.jpg', 0, 1556181174),
(190, 'static/images/picture/097129747.jpg', 0, 1556181174),
(189, 'static/images/picture/067564764.jpg', 0, 1556181174),
(188, 'static/images/picture/056038916.jpg', 0, 1556181174),
(187, 'static/images/picture/059050835.jpg', 0, 1556181174),
(186, 'static/images/picture/048619912.jpg', 0, 1556181174),
(185, 'static/images/picture/052174993.jpg', 0, 1556181174),
(184, 'static/images/picture/028474909.jpg', 0, 1556181174),
(183, 'static/images/picture/818083421.jpg', 0, 1556181174),
(182, 'static/images/picture/966353931.jpg', 0, 1556181174),
(181, 'static/images/picture/968364267.jpg', 0, 1556181174),
(180, 'static/images/picture/740147915.jpg', 0, 1556181174),
(179, 'static/images/picture/724563221.jpg', 0, 1556181174),
(178, 'static/images/picture/653433815.jpg', 0, 1556181174),
(177, 'static/images/picture/683906328.jpg', 0, 1556181174),
(176, 'static/images/picture/217428353.jpg', 0, 1556181174),
(175, 'static/images/picture/514682539.jpg', 0, 1556181174),
(174, 'static/images/picture/581372945.jpg', 0, 1556181174),
(173, 'static/images/picture/154785543.jpeg', 0, 1556181174),
(172, 'static/images/picture/185772862.jpg', 0, 1556181174),
(171, 'static/images/picture/443008960.jpg', 0, 1556181174),
(170, 'static/images/picture/346780418.jpg', 0, 1556267574),
(169, 'static/images/picture/279879272.jpg', 0, 1556181174),
(168, 'static/images/picture/137321272.jpeg', 0, 1556181174),
(167, 'static/images/picture/046720840.jpg', 0, 1556181174),
(166, 'static/images/picture/985105800.jpg', 0, 1556181174),
(165, 'static/images/picture/854052266.jpg', 0, 1556181174),
(164, 'static/images/picture/935875637.jpg', 0, 1556181174),
(163, 'static/images/picture/849528977.jpg', 0, 1556181174),
(162, 'static/images/picture/842007694.jpg', 0, 1556181174),
(161, 'static/images/picture/839944623.jpg', 0, 1556181174),
(160, 'static/images/picture/835380007.jpg', 0, 1556181174),
(159, 'static/images/picture/785390630.jpg', 0, 1556181174),
(158, 'static/images/picture/770325526.jpg', 0, 1556267574),
(157, 'static/images/picture/746541186.jpg', 0, 1556181174),
(156, 'static/images/picture/759637396.jpg', 0, 1556181174),
(155, 'static/images/picture/731231816.jpg', 0, 1556181174),
(154, 'static/images/picture/715938067.jpg', 0, 1556181174),
(153, 'static/images/picture/680399404.jpg', 0, 1556181174),
(152, 'static/images/picture/601238674.jpg', 0, 1556181174),
(151, 'static/images/picture/511269081.jpg', 0, 1556181174),
(150, 'static/images/picture/480718245.jpg', 0, 1556267574),
(149, 'static/images/picture/429898791.jpg', 0, 1556181174),
(148, 'static/images/picture/312187897.jpg', 0, 1556181174),
(147, 'static/images/picture/299705924.jpg', 0, 1556181174),
(146, 'static/images/picture/418228684.jpg', 0, 1556181174),
(145, 'static/images/picture/427584032.jpg', 0, 1556181174),
(144, 'static/images/picture/362004208.jpg', 0, 1556181174),
(143, 'static/images/picture/295832472.jpg', 0, 1556181174),
(142, 'static/images/picture/292038814.jpg', 0, 1556181174),
(141, 'static/images/picture/172678293.jpg', 0, 1556181174),
(140, 'static/images/picture/278437939.jpg', 0, 1556181174),
(139, 'static/images/picture/263175047.jpg', 0, 1556181174),
(138, 'static/images/picture/064762106.jpg', 0, 1556181174),
(137, 'static/images/picture/081992091.jpg', 0, 1556181174),
(136, 'static/images/picture/148603542.jpg', 0, 1556181174),
(135, 'static/images/picture/019673376.jpg', 0, 1556181174),
(134, 'static/images/picture/115221050.jpg', 0, 1556181174),
(133, 'static/images/picture/119611787.jpg', 0, 1556181174),
(131, 'static/images/picture/027476826.jpg', 0, 1556181174),
(132, 'static/images/picture/180806138.jpg', 0, 1556181174),
(200, 'static/images/picture/267114940.jpg', 0, 1556181174),
(199, 'static/images/picture/227961120.jpg', 0, 1556181174),
(201, 'static/images/picture/175879051.jpg', 0, 1556181174),
(202, 'static/images/picture/107197303.gif', 0, 1556181174),
(203, 'static/images/picture/278011393.jpg', 0, 1556181174),
(204, 'static/images/picture/193412540.jpg', 0, 1556181174),
(205, 'static/images/picture/291964612.jpg', 0, 1556181174),
(206, 'static/images/picture/280346889.jpg', 0, 1556181174),
(207, 'static/images/picture/298004044.jpg', 0, 1556181174),
(208, 'static/images/picture/302005398.jpg', 0, 1556181174),
(209, 'static/images/picture/361689067.jpg', 0, 1556181174),
(210, 'static/images/picture/342873237.jpg', 0, 1556181174),
(211, 'static/images/picture/306374462.jpg', 0, 1556181174),
(212, 'static/images/picture/363500969.jpg', 0, 1556181174),
(213, 'static/images/picture/433730887.jpg', 0, 1556181174),
(214, 'static/images/picture/408569636.jpg', 0, 1556181174),
(215, 'static/images/picture/437243489.jpg', 0, 1556181174),
(216, 'static/images/picture/496067107.jpg', 0, 1556181174),
(217, 'static/images/picture/491786605.jpg', 0, 1556181174),
(218, 'static/images/picture/530825841.jpg', 0, 1556181174),
(219, 'static/images/picture/540704434.jpg', 0, 1556181174),
(220, 'static/images/picture/513619573.jpg', 0, 1556181174),
(221, 'static/images/picture/566384142.jpg', 0, 1556181174),
(222, 'static/images/picture/507319492.jpg', 0, 1556181174),
(223, 'static/images/picture/564527480.jpg', 0, 1556181174),
(224, 'static/images/picture/610591421.jpg', 0, 1556181174),
(225, 'static/images/picture/632560381.jpg', 0, 1556181174),
(226, 'static/images/picture/663119237.jpg', 0, 1556181174),
(227, 'static/images/picture/666721374.jpg', 0, 1556181174),
(228, 'static/images/picture/695209456.jpg', 0, 1556181174),
(229, 'static/images/picture/767863156.jpg', 0, 1556181174),
(230, 'static/images/picture/788147972.jpg', 0, 1556181174),
(231, 'static/images/picture/794924538.jpg', 0, 1556267574),
(232, 'static/images/picture/770525356.jpg', 0, 1556181174),
(233, 'static/images/picture/707842520.jpg', 0, 1556181174),
(234, 'static/images/picture/802595193.jpg', 0, 1556181174),
(235, 'static/images/picture/811646520.jpg', 0, 1556181174),
(236, 'static/images/picture/820932311.jpg', 0, 1556181174),
(237, 'static/images/picture/826361783.jpg', 0, 1556181174),
(238, 'static/images/picture/857529729.jpg', 0, 1556181174),
(239, 'static/images/picture/861557893.jpg', 0, 1556181174),
(240, 'static/images/picture/869993132.jpg', 0, 1556181174),
(241, 'static/images/picture/865351812.jpg', 0, 1556181174),
(242, 'static/images/picture/887403567.jpg', 0, 1556181174),
(243, 'static/images/picture/889971723.jpg', 0, 1556181174),
(244, 'static/images/picture/905296674.jpg', 0, 1556181174),
(245, 'static/images/picture/906402302.jpg', 0, 1556181174),
(246, 'static/images/picture/922945583.jpg', 0, 1556181174),
(247, 'static/images/picture/926351118.jpg', 0, 1556181174),
(248, 'static/images/picture/941524561.jpg', 0, 1556181174),
(249, 'static/images/picture/966611927.jpg', 0, 1556181174),
(250, 'static/images/picture/959766960.jpg', 0, 1556181174),
(251, 'static/images/picture/977189311.jpg', 0, 1556181174),
(252, 'static/images/picture/973835486.jpg', 0, 1556181174),
(253, 'static/images/picture/065574974.jpg', 0, 1556181174),
(254, 'static/images/picture/030418741.jpg', 0, 1556181174),
(255, 'static/images/picture/155874197.jpg', 0, 1556181174),
(256, 'static/images/picture/043637606.jpg', 0, 1556181174),
(257, 'static/images/picture/056308014.jpg', 0, 1556181174),
(258, 'static/images/picture/138142451.jpg', 0, 1556181174),
(259, 'static/images/picture/049140495.jpg', 0, 1556181174),
(260, 'static/images/picture/118710215.jpg', 0, 1556181174),
(261, 'static/images/picture/148174507.jpg', 0, 1556181174),
(262, 'static/images/picture/064893175.jpg', 0, 1556181174),
(263, 'static/images/picture/184787141.jpg', 0, 1556181174),
(264, 'static/images/picture/170852713.jpg', 0, 1556181174),
(265, 'static/images/picture/197004811.jpg', 0, 1556181174),
(266, 'static/images/picture/189243592.jpg', 0, 1556181174),
(267, 'static/images/picture/269297572.jpg', 0, 1556181174),
(268, 'static/images/picture/246015621.jpg', 0, 1556181174),
(269, 'static/images/picture/304553628.jpg', 0, 1556181174),
(270, 'static/images/picture/229423966.jpg', 0, 1556181174),
(271, 'static/images/picture/260230498.jpg', 0, 1556181174),
(272, 'static/images/picture/281693007.jpg', 0, 1556181174),
(273, 'static/images/picture/328692155.jpg', 0, 1556181174),
(274, 'static/images/picture/383429331.jpg', 0, 1556181174),
(275, 'static/images/picture/316572229.jpg', 0, 1556181174),
(276, 'static/images/picture/402201832.jpg', 0, 1556181174),
(277, 'static/images/picture/394529352.jpg', 0, 1556181174),
(278, 'static/images/picture/445407655.jpg', 0, 1556181174),
(279, 'static/images/picture/456430907.jpg', 0, 1556181174),
(280, 'static/images/picture/420265008.jpg', 0, 1556181174),
(281, 'static/images/picture/435041051.jpg', 0, 1556181174),
(282, 'static/images/picture/474419474.jpg', 0, 1556181174),
(283, 'static/images/picture/489605421.jpg', 0, 1556181174),
(284, 'static/images/picture/493082480.jpg', 0, 1556181174),
(285, 'static/images/picture/516075283.jpg', 0, 1556181174),
(286, 'static/images/picture/603233100.jpg', 0, 1556181174),
(287, 'static/images/picture/522969756.jpg', 0, 1556181174),
(288, 'static/images/picture/650796908.jpg', 0, 1556181174),
(289, 'static/images/picture/623876732.jpg', 0, 1556181174),
(290, 'static/images/picture/716369464.jpg', 0, 1556181174),
(291, 'static/images/picture/658062269.jpg', 0, 1556181174),
(292, 'static/images/picture/723310842.jpg', 0, 1556181174),
(293, 'static/images/picture/769880389.jpg', 0, 1556181174),
(294, 'static/images/picture/742735559.jpg', 0, 1556181174),
(295, 'static/images/picture/834020169.jpg', 0, 1556181174),
(296, 'static/images/picture/852446484.jpg', 0, 1556181174),
(297, 'static/images/picture/868314126.jpg', 0, 1556181174),
(298, 'static/images/picture/895003835.jpg', 0, 1556181174),
(299, 'static/images/picture/897375089.jpg', 0, 1556181174),
(300, 'static/images/picture/958581495.jpg', 0, 1556181174),
(301, 'static/images/picture/929239425.jpg', 0, 1556181174),
(302, 'static/images/picture/915187676.jpg', 0, 1556181174),
(303, 'static/images/picture/967965747.jpg', 0, 1556181174),
(304, 'static/images/picture/964559695.jpg', 0, 1556181174),
(305, 'static/images/picture/983952359.jpg', 0, 1556181174),
(306, 'static/images/picture/978290933.jpg', 0, 1556181174),
(307, 'static/images/picture/988266961.jpg', 0, 1556181174),
(308, 'static/images/picture/995845276.jpg', 0, 1556181174),
(309, 'static/images/picture/018873758.JPG', 0, 1556181174),
(310, 'static/images/picture/386377369.JPG', 0, 1556181174),
(311, 'static/images/picture/088393670.jpg', 0, 1556181174),
(312, 'static/images/picture/074736799.JPG', 0, 1556181174),
(313, 'static/images/picture/322274204.JPG', 0, 1556181174),
(314, 'static/images/picture/214635280.JPG', 0, 1556181174),
(315, 'static/images/picture/055923733.JPG', 0, 1556181174),
(316, 'static/images/picture/141432050.jpg', 0, 1556181174),
(317, 'static/images/picture/162330674.JPG', 0, 1556181174),
(318, 'static/images/picture/399862680.JPG', 0, 1556181174),
(319, 'static/images/picture/455059554.jpg', 0, 1556181174),
(320, 'static/images/picture/473625258.JPG', 0, 1556181174),
(321, 'static/images/picture/619696030.JPG', 0, 1556181174),
(322, 'static/images/picture/811247474.JPG', 0, 1556181174),
(323, 'static/images/picture/794446575.jpg', 0, 1556181174),
(324, 'static/images/picture/985373236.JPG', 0, 1556181174),
(325, 'static/images/picture/776960449.JPG', 0, 1556181174),
(326, 'static/images/picture/832108687.JPG', 0, 1556181174),
(327, 'static/images/picture/818513605.jpg', 0, 1556181174),
(328, 'static/images/picture/889451010.JPG', 0, 1556181174),
(329, 'static/images/picture/770741352.jpg', 0, 1556181174),
(330, 'static/images/picture/067046409.jpg', 0, 1556181174),
(331, 'static/images/picture/203443002.jpg', 0, 1556181174),
(332, 'static/images/picture/020122493.jpg', 0, 1556181174),
(333, 'static/images/picture/479186640.jpg', 0, 1556181174),
(334, 'static/images/picture/163104252.JPG', 0, 1556181174),
(335, 'static/images/picture/684160179.jpg', 0, 1556181174),
(336, 'static/images/picture/588072093.jpg', 0, 1556181174),
(337, 'static/images/picture/384396943.jpg', 0, 1556181174),
(338, 'static/images/picture/064635784.jpg', 0, 1556181174),
(339, 'static/images/picture/074342295.jpg', 0, 1556181174),
(340, 'static/images/picture/295208460.jpg', 0, 1556181174),
(341, 'static/images/picture/350240984.jpg', 0, 1556181174),
(342, 'static/images/picture/323620928.jpg', 0, 1556181174),
(343, 'static/images/picture/424874764.jpg', 0, 1556181174),
(344, 'static/images/picture/517767039.jpg', 0, 1556181174),
(345, 'static/images/picture/586305497.jpg', 0, 1556181174),
(346, 'static/images/picture/374990035.jpg', 0, 1556181174),
(347, 'static/images/picture/516049333.jpg', 0, 1556181174),
(348, 'static/images/picture/661259962.jpg', 0, 1556181174),
(349, 'static/images/picture/760213276.jpg', 0, 1556181174),
(350, 'static/images/picture/804167478.jpg', 0, 1556181174),
(351, 'static/images/picture/856033498.jpg', 0, 1556181174),
(352, 'static/images/picture/884507745.jpg', 0, 1556181174),
(353, 'static/images/picture/070372630.jpg', 0, 1556181174),
(354, 'static/images/picture/062821122.jpg', 0, 1556181174),
(355, 'static/images/picture/080662079.jpg', 0, 1556181174),
(356, 'static/images/picture/075490904.jpg', 0, 1556181174),
(357, 'static/images/picture/101535489.jpg', 0, 1556181174),
(358, 'static/images/picture/115628650.jpg', 0, 1556181174),
(359, 'static/images/picture/082818627.jpg', 0, 1556181174),
(360, 'static/images/picture/154717558.jpg', 0, 1556181174),
(361, 'static/images/picture/117211264.jpg', 0, 1556181174),
(362, 'static/images/picture/161387110.jpg', 0, 1556181174),
(363, 'static/images/picture/140641547.jpg', 0, 1556181174),
(364, 'static/images/picture/161703980.jpg', 0, 1556181174),
(365, 'static/images/picture/163326984.jpg', 0, 1556181174),
(366, 'static/images/picture/166418288.jpg', 0, 1556181174),
(367, 'static/images/picture/197449568.jpg', 0, 1556181174),
(368, 'static/images/picture/169537719.jpg', 0, 1556181174),
(369, 'static/images/picture/201130142.jpg', 0, 1556181174),
(370, 'static/images/picture/198290693.jpg', 0, 1556181174),
(371, 'static/images/picture/234690757.jpg', 0, 1556181174),
(372, 'static/images/picture/222387820.jpg', 0, 1556181174),
(373, 'static/images/picture/236453304.jpg', 0, 1556181174),
(374, 'static/images/picture/266222516.jpg', 0, 1556181174),
(375, 'static/images/picture/252662517.jpg', 0, 1556181174),
(376, 'static/images/picture/239127517.jpg', 0, 1556181174),
(377, 'static/images/picture/380317110.jpg', 0, 1556181174),
(378, 'static/images/picture/281335940.jpg', 0, 1556181174),
(379, 'static/images/picture/277650454.jpg', 0, 1556181174),
(380, 'static/images/picture/288727750.jpg', 0, 1556181174),
(381, 'static/images/picture/381475886.jpg', 0, 1556181174),
(382, 'static/images/picture/276442675.jpg', 0, 1556181174),
(383, 'static/images/picture/330704179.jpg', 0, 1556181174),
(384, 'static/images/picture/384084314.jpg', 0, 1556181174),
(385, 'static/images/picture/393998631.jpg', 0, 1556181174),
(386, 'static/images/picture/392598421.jpg', 0, 1556181174),
(387, 'static/images/picture/452171832.jpg', 0, 1556181174),
(388, 'static/images/picture/403161190.jpg', 0, 1556181174),
(389, 'static/images/picture/406236129.jpg', 0, 1556181174),
(390, 'static/images/picture/452615536.jpg', 0, 1556181174),
(391, 'static/images/picture/461576636.jpg', 0, 1556181174),
(392, 'static/images/picture/464544253.jpg', 0, 1556267574),
(393, 'static/images/picture/466122338.jpg', 0, 1556181174),
(394, 'static/images/picture/482884484.jpg', 0, 1556181174),
(395, 'static/images/picture/487983831.jpg', 0, 1556181174),
(396, 'static/images/picture/480599583.jpg', 0, 1556181174),
(397, 'static/images/picture/499400472.jpg', 0, 1556181174),
(398, 'static/images/picture/488236621.jpg', 0, 1556181174),
(399, 'static/images/picture/498674886.jpg', 0, 1556181174),
(400, 'static/images/picture/495511720.jpg', 0, 1556181174),
(401, 'static/images/picture/511782106.jpg', 0, 1556181174),
(402, 'static/images/picture/527200279.jpg', 0, 1556181174),
(403, 'static/images/picture/528925036.jpg', 0, 1556181174),
(404, 'static/images/picture/569376852.jpg', 0, 1556181174),
(405, 'static/images/picture/538568175.jpg', 0, 1556181174),
(406, 'static/images/picture/585303314.jpg', 0, 1556181174),
(407, 'static/images/picture/591656052.jpg', 0, 1556181174),
(408, 'static/images/picture/580415665.jpg', 0, 1556181174),
(409, 'static/images/picture/593540595.jpg', 0, 1556181174),
(410, 'static/images/picture/602116516.jpg', 0, 1556181174),
(411, 'static/images/picture/603618088.jpg', 0, 1556181174),
(412, 'static/images/picture/594356385.jpg', 0, 1556181174),
(413, 'static/images/picture/621260384.jpg', 0, 1556181174),
(414, 'static/images/picture/621385254.jpg', 0, 1556181174),
(415, 'static/images/picture/657036299.jpg', 0, 1556181174),
(416, 'static/images/picture/700954185.jpg', 0, 1556181174),
(417, 'static/images/picture/644653791.jpg', 0, 1556181174),
(418, 'static/images/picture/704573291.jpg', 0, 1556181174),
(419, 'static/images/picture/721295502.jpg', 0, 1556181174),
(420, 'static/images/picture/763033234.jpg', 0, 1556181174),
(421, 'static/images/picture/778578661.jpg', 0, 1556181174),
(422, 'static/images/picture/796728002.jpg', 0, 1556181174),
(423, 'static/images/picture/707765543.jpg', 0, 1556181174),
(424, 'static/images/picture/799846706.jpg', 0, 1556181174),
(425, 'static/images/picture/820367126.jpg', 0, 1556181174),
(426, 'static/images/picture/841971540.jpg', 0, 1556181174),
(427, 'static/images/picture/837471611.jpg', 0, 1556181174),
(428, 'static/images/picture/852268823.jpg', 0, 1556181174),
(429, 'static/images/picture/872286964.jpg', 0, 1556181174),
(430, 'static/images/picture/903717772.jpg', 0, 1556181174),
(431, 'static/images/picture/884574174.jpg', 0, 1556181174),
(432, 'static/images/picture/918499270.jpg', 0, 1556181174),
(433, 'static/images/picture/918902446.jpg', 0, 1556181174),
(434, 'static/images/picture/931344232.jpg', 0, 1556181174),
(435, 'static/images/picture/949071819.jpg', 0, 1556181174),
(436, 'static/images/picture/925784101.jpg', 0, 1556181174),
(437, 'static/images/picture/949542817.jpg', 0, 1556181174),
(438, 'static/images/picture/966065254.jpg', 0, 1556181174),
(439, 'static/images/picture/974306779.jpg', 0, 1556181174),
(440, 'static/images/picture/967582292.jpg', 0, 1556181174),
(441, 'static/images/picture/985569265.jpg', 0, 1556181174),
(442, 'static/images/picture/985585533.jpg', 0, 1556181174),
(443, 'static/images/picture/986162779.jpg', 0, 1556181174),
(444, 'static/images/picture/987149073.jpg', 0, 1556181174),
(445, 'static/images/picture/988007711.jpg', 0, 1556181174),
(446, 'static/images/picture/077475727.jpg', 0, 1556181174),
(447, 'static/images/picture/193746934.jpg', 0, 1556181174),
(448, 'static/images/picture/430074313.jpg', 0, 1556181174),
(449, 'static/images/picture/289409780.jpg', 0, 1556181174),
(450, 'static/images/picture/191377341.jpg', 0, 1556181174),
(451, 'static/images/picture/335434329.jpg', 0, 1556181174),
(452, 'static/images/picture/103680360.jpg', 0, 1556181174),
(453, 'static/images/picture/375443878.jpg', 0, 1556181174),
(454, 'static/images/picture/471008278.jpg', 0, 1556181174),
(455, 'static/images/picture/451259767.jpg', 0, 1556181174),
(456, 'static/images/picture/501136821.jpg', 0, 1556181174),
(457, 'static/images/picture/551660891.jpg', 0, 1556181174),
(458, 'static/images/picture/717915005.jpg', 0, 1556181174),
(459, 'static/images/picture/905993668.jpg', 0, 1556181174),
(460, 'static/images/picture/898299658.jpg', 0, 1556181174),
(461, 'static/images/picture/760173347.jpg', 0, 1556181174),
(462, 'static/images/picture/606919147.jpg', 0, 1556181174),
(463, 'static/images/picture/930901198.jpg', 0, 1556181174),
(464, 'static/images/picture/139038261.JPG', 0, 1556181174),
(465, 'static/images/picture/427829752.JPG', 0, 1556181174),
(466, 'static/images/picture/256524481.JPG', 0, 1556181174),
(467, 'static/images/picture/833696379.JPG', 0, 1556181174),
(468, 'static/images/picture/495431245.JPG', 0, 1556181174),
(469, 'static/images/picture/126163465.jpeg', 0, 1556181174),
(470, 'static/images/picture/056373481.JPG', 0, 1556181174),
(471, 'static/images/picture/676724544.JPG', 0, 1556181174),
(472, 'static/images/picture/626653519.JPG', 0, 1556267574),
(473, 'static/images/picture/034119005.JPG', 0, 1556181174),
(474, 'static/images/picture/773965708.jpg', 0, 1556181174),
(475, 'static/images/picture/390551936.jpg', 0, 1556181174),
(476, 'static/images/picture/331145739.jpg', 0, 1556181174),
(477, 'static/images/picture/405672853.jpg', 0, 1556181174),
(478, 'static/images/picture/228725687.jpg', 0, 1556181174),
(479, 'static/images/picture/420700392.jpg', 0, 1556181174),
(480, 'static/images/picture/336623745.jpg', 0, 1556181174),
(481, 'static/images/picture/742998307.jpg', 0, 1556181174),
(482, 'static/images/picture/806000357.jpg', 0, 1556181174),
(483, 'static/images/picture/726774441.jpg', 0, 1556181174),
(484, 'static/images/picture/771818415.jpg', 0, 1556181174),
(485, 'static/images/picture/728095752.jpg', 0, 1556181174),
(486, 'static/images/picture/996886026.jpg', 0, 1556181174),
(487, 'static/images/picture/960669106.jpg', 0, 1556181174),
(488, 'static/images/picture/085194409.jpeg', 0, 1556181174),
(489, 'static/images/picture/257089357.jpg', 0, 1556181174),
(490, 'static/images/picture/151775172.jpg', 0, 1556181174),
(491, 'static/images/picture/343201023.jpg', 0, 1556181174),
(492, 'static/images/picture/199144410.jpeg', 0, 1556181174),
(493, 'static/images/picture/367591528.jpg', 0, 1556181174),
(494, 'static/images/picture/535444420.jpg', 0, 1556181174),
(495, 'static/images/picture/618567182.jpg', 0, 1556181174),
(496, 'static/images/picture/594222750.jpg', 0, 1556181174),
(497, 'static/images/picture/565113613.jpg', 0, 1556181174),
(498, 'static/images/picture/686419099.jpg', 0, 1556181174),
(499, 'static/images/picture/784148854.jpg', 0, 1556181174),
(500, 'static/images/picture/774674360.jpg', 0, 1556181174),
(501, 'static/images/picture/798661121.jpg', 0, 1556181174),
(502, 'static/images/picture/718663277.jpg', 0, 1556181174),
(503, 'static/images/picture/929441024.jpg', 0, 1556181174),
(504, 'static/images/picture/824150986.jpg', 0, 1556181174),
(505, 'static/images/picture/937631327.jpg', 0, 1556181174),
(506, 'static/images/picture/975278484.jpg', 0, 1556181174),
(507, 'static/images/picture/013462590.jpg', 0, 1556181174),
(508, 'static/images/picture/486452233.jpg', 0, 1556181174),
(509, 'static/images/picture/894417718.jpg', 0, 1556181174),
(510, 'static/images/picture/602334099.jpg', 0, 1556181174),
(511, 'static/images/picture/923986698.jpg', 0, 1556181174),
(512, 'static/images/picture/487254819.jpg', 0, 1556181174),
(513, 'static/images/picture/264766192.jpg', 0, 1556181174),
(514, 'static/images/picture/706713816.jpg', 0, 1556267574),
(515, 'static/images/picture/559112583.jpg', 0, 1556181174),
(516, 'static/images/picture/149576271.jpg', 0, 1556181174),
(517, 'static/images/picture/969242234.jpg', 0, 1556181174),
(518, 'static/images/picture/170754678.jpg', 0, 1556181174),
(519, 'static/images/picture/785126533.jpg', 0, 1556181174),
(520, 'static/images/picture/955262053.jpg', 0, 1556181174),
(521, 'static/images/picture/704696370.jpg', 0, 1556181174),
(522, 'static/images/picture/220254237.jpg', 0, 1556181174),
(523, 'static/images/picture/663001425.jpg', 0, 1556181174),
(524, 'static/images/picture/482286587.jpeg', 0, 1556181174),
(525, 'static/images/picture/782036224.jpg', 0, 1556181174),
(526, 'static/images/picture/794226221.jpg', 0, 1556181174),
(527, 'static/images/picture/914190684.jpg', 0, 1556181174),
(528, 'static/images/picture/504620790.jpg', 0, 1556181174),
(529, 'static/images/picture/294844687.jpg', 0, 1556181174),
(530, 'static/images/picture/062939614.jpg', 0, 1556181174),
(531, 'static/images/picture/170396534.jpg', 0, 1556181174),
(532, 'static/images/picture/439822019.jpg', 0, 1556181174),
(533, 'static/images/picture/976562170.jpg', 0, 1556181174),
(534, 'static/images/picture/926242063.jpg', 0, 1556267574),
(535, 'static/images/picture/978324393.jpg', 0, 1556181174),
(536, 'static/images/picture/725631567.jpg', 0, 1556181174),
(537, 'static/images/picture/497555972.jpg', 0, 1556181174),
(538, 'static/images/picture/778950075.jpg', 0, 1556181174),
(539, 'static/images/picture/231012461.jpg', 0, 1556181174),
(540, 'static/images/picture/429733957.jpg', 0, 1556181174),
(541, 'static/images/picture/262809934.jpg', 0, 1556181174),
(542, 'static/images/picture/122008088.jpg', 0, 1556181174),
(543, 'static/images/picture/617460527.jpg', 0, 1556181174),
(544, 'static/images/picture/929316171.jpg', 0, 1556181174),
(545, 'static/images/picture/320884766.jpg', 0, 1556181174),
(546, 'static/images/picture/485813723.jpg', 0, 1556267574),
(547, 'static/images/picture/501952598.jpg', 0, 1556181174),
(548, 'static/images/picture/404866261.jpg', 0, 1556181174),
(549, 'static/images/picture/891488327.jpg', 0, 1556181174),
(550, 'static/images/picture/803095434.jpg', 0, 1556181174),
(551, 'static/images/picture/170331827.jpeg', 0, 1556181174),
(552, 'static/images/picture/338006360.jpeg', 0, 1556181174),
(553, 'static/images/picture/992266606.jpg', 0, 1556181174),
(554, 'static/images/picture/189439154.jpg', 0, 1556181174),
(555, 'static/images/picture/098451132.jpg', 0, 1556181174),
(556, 'static/images/picture/821633989.jpg', 0, 1556181174),
(557, 'static/images/picture/963609960.jpg', 0, 1556181174),
(558, 'static/images/picture/550713522.jpg', 0, 1556181174),
(559, 'static/images/picture/087192211.jpg', 0, 1556181174),
(560, 'static/images/picture/045213877.jpg', 0, 1556181174),
(561, 'static/images/picture/697924395.jpg', 0, 1556181174),
(562, 'static/images/picture/653997620.jpg', 0, 1556181174),
(563, 'static/images/picture/131540992.jpg', 0, 1556181174),
(564, 'static/images/picture/364310270.jpg', 0, 1556181174),
(565, 'static/images/picture/994053698.jpg', 0, 1556181174),
(566, 'static/images/picture/128623657.jpg', 0, 1556181174),
(567, 'static/images/picture/240680636.jpg', 0, 1556181174),
(568, 'static/images/picture/327507537.jpg', 0, 1556181174),
(569, 'static/images/picture/896092008.jpg', 0, 1556181174),
(570, 'static/images/picture/618867678.jpg', 0, 1556181174),
(571, 'static/images/picture/877895294.jpg', 0, 1556181174),
(572, 'static/images/picture/438452562.jpg', 0, 1556181174),
(573, 'static/images/picture/145897763.jpg', 0, 1556181174),
(574, 'static/images/picture/919781002.jpg', 0, 1556181174),
(575, 'static/images/picture/409426194.jpg', 0, 1556181174),
(576, 'static/images/picture/818598376.jpg', 0, 1556267574),
(577, 'static/images/picture/021517633.jpg', 0, 1556181174),
(578, 'static/images/picture/432884008.jpg', 0, 1556181174),
(579, 'static/images/picture/869208932.jpg', 0, 1556181174),
(581, 'static/images/picture/117412764.jpeg', 0, 1556181174),
(582, 'static/images/picture/318398624.jpg', 0, 1556181174),
(583, 'static/images/picture/501299414.jpg', 0, 1556181174),
(584, 'static/images/picture/817304618.jpg', 0, 1556181174),
(585, 'static/images/picture/674154477.JPG', 0, 1556181174),
(586, 'static/images/picture/400472299.jpg', 0, 1556181174),
(587, 'static/images/picture/912328152.JPG', 0, 1556181174),
(588, 'static/images/picture/744831535.JPG', 0, 1556181174),
(589, 'static/images/picture/31.jpg', 0, 1556181174),
(590, 'static/images/picture/25.jpg', 0, 1556181174),
(591, 'static/images/picture/11.jpg', 0, 1556181174),
(592, 'static/images/picture/7.jpg', 0, 1556181174),
(593, 'static/images/picture/13.jpg', 3, 1556181174);

-- --------------------------------------------------------

--
-- 表的结构 `m_albumclassfiy`
--

CREATE TABLE IF NOT EXISTS `m_albumclassfiy` (
  `acy_id` int(11) unsigned NOT NULL AUTO_INCREMENT COMMENT '相册分类id',
  `acy_name` varchar(255) NOT NULL COMMENT '相册分类名称',
  `acy_parent` int(11) NOT NULL DEFAULT '0' COMMENT '父类id',
  `acy_jurisdiction` int(11) unsigned NOT NULL DEFAULT '0' COMMENT '权限(0最小，以此类推)',
  `acy_url` varchar(255) NOT NULL COMMENT '分类图片',
  PRIMARY KEY (`acy_id`)
) ENGINE=MyISAM  DEFAULT CHARSET=utf8 AUTO_INCREMENT=23 ;

--
-- 转存表中的数据 `m_albumclassfiy`
--

INSERT INTO `m_albumclassfiy` (`acy_id`, `acy_name`, `acy_parent`, `acy_jurisdiction`, `acy_url`) VALUES
(1, '风景', 0, 0, 'static/images/picture/429898791.jpg'),
(2, '猫', 0, 0, 'static/images/picture/048619912.jpg'),
(3, '学校', 0, 0, 'static/images/picture/101535489.jpg'),
(20, '家人', 0, 3, 'static/images/picture/018873758.JPG'),
(5, '朋友', 0, 0, 'static/images/picture/919781002.jpg'),
(6, '大学', 3, 0, ''),
(7, '南岳', 6, 0, ''),
(8, '长沙', 1, 0, ''),
(9, '中学', 3, 0, ''),
(10, '徐李飞', 5, 1, ''),
(11, '肖文辉', 5, 1, ''),
(12, '刘志坚', 5, 1, ''),
(13, '刘鑫', 5, 1, ''),
(14, '刘艳', 5, 1, ''),
(15, '李伟斌', 5, 1, ''),
(16, '谭奇望', 5, 1, ''),
(17, '彭知勇', 5, 1, ''),
(18, '谭斌', 5, 2, ''),
(19, '匡菲', 5, 2, ''),
(21, '南湖', 6, 0, ''),
(22, '筷子', 5, 0, '');

-- --------------------------------------------------------

--
-- 表的结构 `m_music`
--

CREATE TABLE IF NOT EXISTS `m_music` (
  `ms_id` int(11) NOT NULL AUTO_INCREMENT COMMENT '音乐id',
  `ms_name` varchar(255) NOT NULL COMMENT '歌曲名称',
  `ms_singer` varchar(255) NOT NULL COMMENT '演唱者',
  `ms_url` varchar(255) NOT NULL COMMENT '地址',
  `ms_lyric` varchar(255) DEFAULT NULL COMMENT '歌词地址',
  `muy_id` int(11) NOT NULL COMMENT '所属分类id',
  PRIMARY KEY (`ms_id`)
) ENGINE=MyISAM  DEFAULT CHARSET=utf8 COMMENT='音乐表' AUTO_INCREMENT=417 ;

--
-- 转存表中的数据 `m_music`
--

INSERT INTO `m_music` (`ms_id`, `ms_name`, `ms_singer`, `ms_url`, `ms_lyric`, `muy_id`) VALUES
(1, '你若成风', '许嵩,石头剪子布', 'static/music/你若成风-许嵩,石头剪子布.mp3', NULL, 2),
(2, '我们的18岁', '关晓彤', 'static/music/我们的18岁-关晓彤.mp3', NULL, 2),
(3, '星星点灯', '郑智化', 'static/music/星星点灯-郑智化.mp3', NULL, 2),
(4, 'Fool''s Garden', 'Lemon Tree', 'static/music/Fool''s Garden - Lemon Tree .mp3', NULL, 2),
(5, '想把我唱给你听', '王筝,老狼,小柯,曹方', 'static/music/想把我唱给你听-王筝,老狼,小柯,曹方.mp3', NULL, 2),
(18, '卷珠帘 (Live)', '林志炫', 'static/music/林志炫 - 卷珠帘 (Live) .mp3', NULL, 2),
(17, '模特 (Live)', '于梓贝', 'static/music/于梓贝 - 模特 (Live) .mp3', NULL, 2),
(16, '穷开心 (Live)', '次仁拉吉', 'static/music/次仁拉吉 - 穷开心 (Live) .mp3', NULL, 2),
(15, '锋味', '谢霆锋', 'static/music/谢霆锋 - 锋味 .mp3', NULL, 2),
(14, '我在人民广场吃炸鸡 (Live)', '赵大格', 'static/music/赵大格 - 我在人民广场吃炸鸡 (Live) .mp3', NULL, 2),
(13, '小永远', '何洁', 'static/music/何洁 - 小永远 .mp3', NULL, 2),
(19, '最浪漫的事 (Live)', '金志文', 'static/music/金志文 - 最浪漫的事 (Live) .mp3', NULL, 2),
(20, '从前慢 (Live)', '叶炫清', 'static/music/叶炫清 - 从前慢 (Live) .mp3', NULL, 3),
(21, '但愿人长久 (Live)', '朱强', 'static/music/朱强 - 但愿人长久 (Live) .mp3', NULL, 3),
(22, '滴答', '侃侃', 'static/music/侃侃 - 滴答 .mp3', NULL, 3),
(23, '你要的爱 (Live)', '林恺伦', 'static/music/林恺伦 - 你要的爱 (Live) .mp3', NULL, 3),
(24, '三月 (Live)', '胡斯默', 'static/music/胡斯默 - 三月 (Live) .mp3', NULL, 3),
(25, '日落大道 (Live)', '梁博', 'static/music/梁博 - 日落大道 (Live) .mp3', NULL, 3),
(26, '大鱼 (Live)', '周深&郭沁', 'static/music/周深&郭沁 - 大鱼 (Live) .mp3', NULL, 3),
(27, '追梦人 (Live)', '白若溪', 'static/music/白若溪 - 追梦人 (Live) .mp3', NULL, 3),
(28, '美若黎明 (Live)', '郭沁', 'static/music/郭沁 - 美若黎明 (Live) .mp3', NULL, 3),
(29, '一瞬间', '丽江小倩', 'static/music/一瞬间-丽江小倩.mp3', NULL, 3),
(30, '七月上', 'Jam', 'static/music/七月上-Jam.mp3', NULL, 3),
(31, '传奇', '丽江小倩', 'static/music/传奇-丽江小倩.mp3', NULL, 3),
(32, '假如爱有天意', '李健', 'static/music/假如爱有天意-李健.mp3', NULL, 3),
(33, '小幸运', '双笙', 'static/music/小幸运-双笙.mp3', NULL, 3),
(34, '红蔷薇', '丽江小倩', 'static/music/红蔷薇-丽江小倩.mp3', NULL, 3),
(35, '童话镇', '陈一发儿', 'static/music/童话镇-陈一发儿.mp3', NULL, 3),
(36, '我会想起你', '丽江小倩', 'static/music/我会想起你-丽江小倩.mp3', NULL, 3),
(37, '烟花绽放', '丽江小倩', 'static/music/烟花绽放-丽江小倩.mp3', NULL, 3),
(38, '美若黎明', '李健', 'static/music/美若黎明-李健.mp3', NULL, 3),
(39, '逆流成河', '金南玲', 'static/music/逆流成河-金南玲.mp3', NULL, 3),
(40, '贝加尔湖畔 (Live)', '李健', 'static/music/贝加尔湖畔 (Live)-李健.mp3', NULL, 3),
(41, '去大理', '黄渤', 'static/music/去大理-黄渤.mp3', NULL, 3),
(278, '丑八怪', '薛之谦', 'static/music/丑八怪-薛之谦.mp3', NULL, 4),
(277, '爱情转移', '陈奕迅', 'static/music/陈奕迅 - 爱情转移 .mp3', NULL, 4),
(276, '光阴的故事', '黄晓明&邓超&佟大为', 'static/music/黄晓明&邓超&佟大为 - 光阴的故事 .mp3', NULL, 4),
(275, '十年', '陈奕迅', 'static/music/陈奕迅 - 十年 .mp3', NULL, 4),
(274, '因为爱情', '陈奕迅王菲', 'static/music/陈奕迅王菲 - 因为爱情 .mp3', NULL, 4),
(256, '爱情转移 (Live)', '汪晨蕊', 'static/music/汪晨蕊 - 爱情转移 (Live) .mp3', NULL, 4),
(257, '老人与海', '海鸣威&吴琼', 'static/music/海鸣威&吴琼 - 老人与海 .mp3', NULL, 4),
(258, '荣耀', '王晓天', 'static/music/王晓天 - 荣耀 .mp3', NULL, 4),
(259, '谁明浪子心', '王杰&赵学而', 'static/music/王杰&赵学而 - 谁明浪子心 .mp3', NULL, 4),
(260, '乌兰巴托的夜 (Live)', '蒋敦豪', 'static/music/蒋敦豪 - 乌兰巴托的夜 (Live) .mp3', NULL, 4),
(261, '河流 (Live)', '蒋敦豪', 'static/music/蒋敦豪 - 河流 (Live) .mp3', NULL, 4),
(262, '东方之珠', '罗大佑', 'static/music/罗大佑 - 东方之珠.mp3', NULL, 4),
(263, '华晨宇,刘涛,郑佩佩,张翰', '花儿与少年', 'static/music/花儿与少年-华晨宇,刘涛,郑佩佩,张翰.mp3', NULL, 4),
(264, 'Beautiful Love', '蔡健雅', 'static/music/蔡健雅 - Beautiful Love .mp3', NULL, 4),
(265, '同桌的你', '胡夏', 'static/music/胡夏 - 同桌的你 .mp3', NULL, 4),
(266, 'Still Loving You (Live)', '谭轩辕', 'static/music/谭轩辕 - Still Loving You (Live) .mp3', NULL, 4),
(267, '沧海一声笑 (Live)', '那英&周杰伦&刘欢&陈奕迅', 'static/music/那英&周杰伦&刘欢&陈奕迅 - 沧海一声笑 (Live) .mp3', NULL, 4),
(268, 'S.O.S D''un Terrien en detresse (Live)', '迪玛希Dimash', 'static/music/迪玛希Dimash - S.O.S D''un Terrien en detresse (Live) .mp3', NULL, 4),
(269, '每天爱你多一些 (Live)', '长宇晨悠组合', 'static/music/长宇晨悠组合 - 每天爱你多一些 (Live) .mp3', NULL, 4),
(270, '往事随风', '韩红', 'static/music/韩红 - 往事随风.mp3', NULL, 4),
(271, 'I Believe (Live)', '黄霄雲王飞雪', 'static/music/黄霄雲王飞雪 - I Believe (Live) .mp3', NULL, 4),
(272, '勋章', '鹿晗', 'static/music/鹿晗 - 勋章 .mp3', NULL, 4),
(273, '你的背包', '陈奕迅', 'static/music/陈奕迅 - 你的背包 .mp3', NULL, 4),
(228, '好心分手', '卢巧音王力宏', 'static/music/卢巧音王力宏 - 好心分手 .mp3', NULL, 4),
(229, 'Better Man (Live)', '张杰', 'static/music/张杰 - Better Man (Live) .mp3', NULL, 4),
(230, '如果这都不算爱', '张学友', 'static/music/张学友 - 如果这都不算爱 .mp3', NULL, 4),
(231, '卜卦', '崔子格', 'static/music/崔子格 - 卜卦 .mp3', NULL, 4),
(232, '胡桃夹子 (Live)', '张碧晨', 'static/music/张碧晨 - 胡桃夹子 (Live) .mp3', NULL, 4),
(233, '最美的太阳 + 翅膀 (Live)', '张杰&林俊杰', 'static/music/张杰&林俊杰 - 最美的太阳 + 翅膀 (Live) .mp3', NULL, 4),
(234, '风往北吹 (Live)', '孙楠', 'static/music/孙楠 - 风往北吹 (Live) .mp3', NULL, 4),
(235, '你给我听好 (Live)', '张碧晨', 'static/music/张碧晨 - 你给我听好 (Live) .mp3', NULL, 4),
(236, '发如雪 (Live)', '周杰伦李安', 'static/music/周杰伦李安 - 发如雪 (Live) .mp3', NULL, 4),
(237, '我要你 (Live)', '张杰', 'static/music/张杰 - 我要你 (Live) .mp3', NULL, 4),
(238, '爱如潮水 (Live)', '张学友', 'static/music/张学友 - 爱如潮水 (Live) .mp3', NULL, 4),
(239, '凉凉 (Live)', '张碧晨&杨宗纬', 'static/music/张碧晨&杨宗纬 - 凉凉 (Live) .mp3', NULL, 4),
(240, '我的梦', '张靓颖', 'static/music/张靓颖 - 我的梦 .mp3', NULL, 4),
(241, '野子 (Live)', '晨悠组合', 'static/music/晨悠组合 - 野子 (Live) .mp3', NULL, 4),
(242, '剑心', '李易峰', 'static/music/李易峰 - 剑心 .mp3', NULL, 4),
(243, '红日 (粤语)', '李克勤', 'static/music/李克勤 - 红日 (粤语) .mp3', NULL, 4),
(244, '谢谢侬 (Live)', '李瑞轩', 'static/music/李瑞轩 - 谢谢侬 (Live) .mp3', NULL, 4),
(245, '逝去的爱 (Live)', '李安', 'static/music/李安 - 逝去的爱 (Live) .mp3', NULL, 4),
(246, '不将就', '李荣浩', 'static/music/李荣浩 - 不将就 .mp3', NULL, 4),
(247, '空白世界', '杜婧荧', 'static/music/杜婧荧 - 空白世界 .mp3', NULL, 4),
(248, '葛林', '林中鸟', 'static/music/林中鸟-葛林.mp3', NULL, 4),
(249, '不必在乎我是谁 (Live)', '林忆莲', 'static/music/林忆莲 - 不必在乎我是谁 (Live) .mp3', NULL, 4),
(250, 'Feeling Good (Live)', '林志炫', 'static/music/林志炫 - Feeling Good (Live) .mp3', NULL, 4),
(251, 'Writing''s On The Wall (Live)', '林志炫', 'static/music/林志炫 - Writing''s On The Wall (Live) .mp3', NULL, 4),
(252, '盛夏光年 (Live)', '林忆莲', 'static/music/林忆莲 - 盛夏光年 (Live) .mp3', NULL, 4),
(253, '御龙铭千古 (Live)', '林志炫', 'static/music/林志炫 - 御龙铭千古 (Live) .mp3', NULL, 4),
(254, '友情岁月 (Live)', '汪晨蕊', 'static/music/汪晨蕊 - 友情岁月 (Live) .mp3', NULL, 4),
(255, '当年情 (Live)', '汪晨蕊', 'static/music/汪晨蕊 - 当年情 (Live) .mp3', NULL, 4),
(101, '爱要坦荡荡 (Live)', '丁丁', 'static/music/丁丁 - 爱要坦荡荡 (Live) .mp3', NULL, 4),
(102, '我的声音', '丁丁', 'static/music/丁丁 - 我的声音 .mp3', NULL, 4),
(103, '素颜', '何曼婷、许嵩', 'static/music/何曼婷、许嵩 - 素颜.mp3', NULL, 4),
(104, '天涯 (Live)', '任贤齐&玄觞', 'static/music/任贤齐&玄觞 - 天涯 (Live) .mp3', NULL, 4),
(105, '晴天 (Live)', '关诗敏', 'static/music/关诗敏 - 晴天 (Live) .mp3', NULL, 4),
(106, '如果爱情可以有沧海桑田', '习冠', 'static/music/习冠 - 如果爱情可以有沧海桑田 .mp3', NULL, 4),
(107, '错过了缘分错过你', '冷漠&何龙雨', 'static/music/冷漠&何龙雨 - 错过了缘分错过你 .mp3', NULL, 4),
(108, '刘若英', '后来 (Live)', 'static/music/后来 (Live)-刘若英.mp3', NULL, 4),
(109, '好心分手', '卢巧音王力宏', 'static/music/卢巧音王力宏 - 好心分手 .mp3', NULL, 4),
(110, '蜗牛 (Live)', '华语群星', 'static/music/华语群星 - 蜗牛 (Live) .mp3', NULL, 4),
(111, '卜卦', '崔子格', 'static/music/崔子格 - 卜卦 .mp3', NULL, 4),
(112, '发如雪 (Live)', '周杰伦李安', 'static/music/周杰伦李安 - 发如雪 (Live) .mp3', NULL, 4),
(113, '风往北吹 (Live)', '孙楠', 'static/music/孙楠 - 风往北吹 (Live) .mp3', NULL, 4),
(114, '爱如潮水 (Live)', '张学友', 'static/music/张学友 - 爱如潮水 (Live) .mp3', NULL, 4),
(115, '如果这都不算爱', '张学友', 'static/music/张学友 - 如果这都不算爱 .mp3', NULL, 4),
(116, '我要你 (Live)', '张杰', 'static/music/张杰 - 我要你 (Live) .mp3', NULL, 4),
(117, '最美的太阳 + 翅膀 (Live)', '张杰&林俊杰', 'static/music/张杰&林俊杰 - 最美的太阳 + 翅膀 (Live) .mp3', NULL, 4),
(118, 'Better Man (Live)', '张杰', 'static/music/张杰 - Better Man (Live) .mp3', NULL, 4),
(119, '你给我听好 (Live)', '张碧晨', 'static/music/张碧晨 - 你给我听好 (Live) .mp3', NULL, 4),
(120, '胡桃夹子 (Live)', '张碧晨', 'static/music/张碧晨 - 胡桃夹子 (Live) .mp3', NULL, 4),
(121, '凉凉 (Live)', '张碧晨&杨宗纬', 'static/music/张碧晨&杨宗纬 - 凉凉 (Live) .mp3', NULL, 4),
(122, '我的梦', '张靓颖', 'static/music/张靓颖 - 我的梦 .mp3', NULL, 4),
(123, '野子 (Live)', '晨悠组合', 'static/music/晨悠组合 - 野子 (Live) .mp3', NULL, 4),
(124, '逝去的爱 (Live)', '李安', 'static/music/李安 - 逝去的爱 (Live) .mp3', NULL, 4),
(125, '红日 (粤语)', '李克勤', 'static/music/李克勤 - 红日 (粤语) .mp3', NULL, 4),
(126, '剑心', '李易峰', 'static/music/李易峰 - 剑心 .mp3', NULL, 4),
(127, '谢谢侬 (Live)', '李瑞轩', 'static/music/李瑞轩 - 谢谢侬 (Live) .mp3', NULL, 4),
(128, '不将就', '李荣浩', 'static/music/李荣浩 - 不将就 .mp3', NULL, 4),
(129, '空白世界', '杜婧荧', 'static/music/杜婧荧 - 空白世界 .mp3', NULL, 4),
(130, '葛林', '林中鸟', 'static/music/林中鸟-葛林.mp3', NULL, 4),
(131, '不必在乎我是谁 (Live)', '林忆莲', 'static/music/林忆莲 - 不必在乎我是谁 (Live) .mp3', NULL, 4),
(132, '盛夏光年 (Live)', '林忆莲', 'static/music/林忆莲 - 盛夏光年 (Live) .mp3', NULL, 4),
(133, 'Feeling Good (Live)', '林志炫', 'static/music/林志炫 - Feeling Good (Live) .mp3', NULL, 4),
(134, 'Writing''s On The Wall (Live)', '林志炫', 'static/music/林志炫 - Writing''s On The Wall (Live) .mp3', NULL, 4),
(135, '御龙铭千古 (Live)', '林志炫', 'static/music/林志炫 - 御龙铭千古 (Live) .mp3', NULL, 4),
(136, '友情岁月 (Live)', '汪晨蕊', 'static/music/汪晨蕊 - 友情岁月 (Live) .mp3', NULL, 4),
(137, '爱情转移 (Live)', '汪晨蕊', 'static/music/汪晨蕊 - 爱情转移 (Live) .mp3', NULL, 4),
(138, '当年情 (Live)', '汪晨蕊', 'static/music/汪晨蕊 - 当年情 (Live) .mp3', NULL, 4),
(139, '老人与海', '海鸣威&吴琼', 'static/music/海鸣威&吴琼 - 老人与海 .mp3', NULL, 4),
(140, '荣耀', '王晓天', 'static/music/王晓天 - 荣耀 .mp3', NULL, 4),
(141, '谁明浪子心', '王杰&赵学而', 'static/music/王杰&赵学而 - 谁明浪子心 .mp3', NULL, 4),
(142, '东方之珠', '罗大佑', 'static/music/罗大佑 - 东方之珠.mp3', NULL, 4),
(143, '同桌的你', '胡夏', 'static/music/胡夏 - 同桌的你 .mp3', NULL, 4),
(144, '华晨宇,刘涛,郑佩佩,张翰', '花儿与少年', 'static/music/花儿与少年-华晨宇,刘涛,郑佩佩,张翰.mp3', NULL, 4),
(145, '乌兰巴托的夜 (Live)', '蒋敦豪', 'static/music/蒋敦豪 - 乌兰巴托的夜 (Live) .mp3', NULL, 4),
(146, '河流 (Live)', '蒋敦豪', 'static/music/蒋敦豪 - 河流 (Live) .mp3', NULL, 4),
(147, 'Beautiful Love', '蔡健雅', 'static/music/蔡健雅 - Beautiful Love .mp3', NULL, 4),
(148, 'Still Loving You (Live)', '谭轩辕', 'static/music/谭轩辕 - Still Loving You (Live) .mp3', NULL, 4),
(149, 'S.O.S D''un Terrien en detresse (Live)', '迪玛希Dimash', 'static/music/迪玛希Dimash - S.O.S D''un Terrien en detresse (Live) .mp3', NULL, 4),
(150, '沧海一声笑 (Live)', '那英&周杰伦&刘欢&陈奕迅', 'static/music/那英&周杰伦&刘欢&陈奕迅 - 沧海一声笑 (Live) .mp3', NULL, 4),
(151, '你的背包', '陈奕迅', 'static/music/陈奕迅 - 你的背包 .mp3', NULL, 4),
(152, '每天爱你多一些 (Live)', '长宇晨悠组合', 'static/music/长宇晨悠组合 - 每天爱你多一些 (Live) .mp3', NULL, 4),
(153, '爱情转移', '陈奕迅', 'static/music/陈奕迅 - 爱情转移 .mp3', NULL, 4),
(154, '十年', '陈奕迅', 'static/music/陈奕迅 - 十年 .mp3', NULL, 4),
(155, '往事随风', '韩红', 'static/music/韩红 - 往事随风.mp3', NULL, 4),
(156, 'I Believe (Live)', '黄霄雲王飞雪', 'static/music/黄霄雲王飞雪 - I Believe (Live) .mp3', NULL, 4),
(157, '勋章', '鹿晗', 'static/music/鹿晗 - 勋章 .mp3', NULL, 4),
(158, '因为爱情', '陈奕迅王菲', 'static/music/陈奕迅王菲 - 因为爱情 .mp3', NULL, 4),
(159, '光阴的故事', '黄晓明&邓超&佟大为', 'static/music/黄晓明&邓超&佟大为 - 光阴的故事 .mp3', NULL, 4),
(227, '错过了缘分错过你', '冷漠&何龙雨', 'static/music/冷漠&何龙雨 - 错过了缘分错过你 .mp3', NULL, 4),
(226, '蜗牛 (Live)', '华语群星', 'static/music/华语群星 - 蜗牛 (Live) .mp3', NULL, 4),
(225, '刘若英', '后来 (Live)', 'static/music/后来 (Live)-刘若英.mp3', NULL, 4),
(224, '如果爱情可以有沧海桑田', '习冠', 'static/music/习冠 - 如果爱情可以有沧海桑田 .mp3', NULL, 4),
(223, '素颜', '何曼婷、许嵩', 'static/music/何曼婷、许嵩 - 素颜.mp3', NULL, 4),
(222, '晴天 (Live)', '关诗敏', 'static/music/关诗敏 - 晴天 (Live) .mp3', NULL, 4),
(221, '爱要坦荡荡 (Live)', '丁丁', 'static/music/丁丁 - 爱要坦荡荡 (Live) .mp3', NULL, 4),
(220, '天涯 (Live)', '任贤齐&玄觞', 'static/music/任贤齐&玄觞 - 天涯 (Live) .mp3', NULL, 4),
(219, '我的声音', '丁丁', 'static/music/丁丁 - 我的声音 .mp3', NULL, 4),
(279, '下一秒', '张碧晨', 'static/music/下一秒-张碧晨.mp3', NULL, 4),
(280, '再见中国海', '4 In Love', 'static/music/再见中国海-4 In Love.mp3', NULL, 4),
(281, '勇气 (Live)', '梁静茹', 'static/music/勇气 (Live)-梁静茹.mp3', NULL, 4),
(282, '你把我灌醉', 'G.E.M. 邓紫棋', 'static/music/你把我灌醉-G.E.M. 邓紫棋.mp3', NULL, 4),
(283, '倔强', '谭斌', 'static/music/倔强-谭斌.mp3', NULL, 4),
(284, '同桌的你', '胡夏', 'static/music/同桌的你-胡夏.mp3', NULL, 4),
(285, '半城烟沙', '许嵩', 'static/music/半城烟沙-许嵩.mp3', NULL, 4),
(286, '在水一方 (Live)', '李健', 'static/music/在水一方 (Live)-李健.mp3', NULL, 4),
(287, '叹服', '许嵩', 'static/music/叹服-许嵩.mp3', NULL, 4),
(288, '城府', '许嵩', 'static/music/城府-许嵩.mp3', NULL, 4),
(289, '往事随风 (Live)', '韩红', 'static/music/往事随风 (Live)-韩红.mp3', NULL, 4),
(290, '完美世界', '水木年华', 'static/music/完美世界-水木年华.mp3', NULL, 4),
(291, '情人 (Live)', 'G.E.M. 邓紫棋', 'static/music/情人 (Live)-G.E.M. 邓紫棋.mp3', NULL, 4),
(292, '情侣装', '许嵩', 'static/music/情侣装-许嵩.mp3', NULL, 4),
(293, '我们的明天', '杨子姗', 'static/music/我们的明天-杨子姗.mp3', NULL, 4),
(294, '我的声音', '丁丁', 'static/music/我的声音-丁丁.mp3', NULL, 4),
(295, '意外', '薛之谦', 'static/music/意外-薛之谦.mp3', NULL, 4),
(296, '断桥残雪', '许嵩', 'static/music/断桥残雪-许嵩.mp3', NULL, 4),
(297, '我是一只小小鸟', '任贤齐,李宗盛', 'static/music/我是一只小小鸟-任贤齐,李宗盛.mp3', NULL, 4),
(298, '有没有', '薛之谦', 'static/music/有没有-薛之谦.mp3', NULL, 4),
(299, '水手', '郑智化', 'static/music/水手-郑智化.mp3', NULL, 4),
(300, '求佛', '誓言', 'static/music/求佛-誓言.mp3', NULL, 4),
(301, '来日方长', '薛之谦,黄龄', 'static/music/来日方长-薛之谦,黄龄.mp3', NULL, 4),
(302, '玫瑰花的葬礼', '许嵩', 'static/music/玫瑰花的葬礼-许嵩.mp3', NULL, 4),
(303, '清明雨上', '许嵩', 'static/music/清明雨上-许嵩.mp3', NULL, 4),
(304, '泡沫', 'G.E.M. 邓紫棋', 'static/music/泡沫-G.E.M. 邓紫棋.mp3', NULL, 4),
(305, '海阔天空 (Live)', '韩红', 'static/music/海阔天空 (Live)-韩红.mp3', NULL, 4),
(306, '相依为命', '陈小春', 'static/music/相依为命-陈小春.mp3', NULL, 4),
(307, '灰色轨迹', 'BEYOND', 'static/music/灰色轨迹-BEYOND.mp3', NULL, 4),
(308, '笑忘书 (Live)', '李荣浩', 'static/music/笑忘书 (Live)-李荣浩.mp3', NULL, 4),
(309, '等我回家', '薛之谦', 'static/music/等我回家-薛之谦.mp3', NULL, 4),
(310, '美丽的神话', '韩红,孙楠', 'static/music/美丽的神话-韩红,孙楠.mp3', NULL, 4),
(311, '醉清风', 'SNH48', 'static/music/醉清风-SNH48.mp3', NULL, 4),
(312, '默', '那英', 'static/music/默-那英.mp3', NULL, 4),
(313, '青花瓷', '阿呆E.H', 'static/music/青花瓷-阿呆E.H.mp3', NULL, 4),
(314, '随它吧', '姚贝娜', 'static/music/随它吧-姚贝娜.mp3', NULL, 4),
(315, '那些花儿', '朴树', 'static/music/那些花儿-朴树.mp3', NULL, 4),
(316, '错过了缘分错过你', '冷漠,何龙雨', 'static/music/错过了缘分错过你-冷漠,何龙雨.mp3', NULL, 4),
(317, '素颜', '许嵩,何曼婷', 'static/music/素颜-许嵩,何曼婷.mp3', NULL, 4),
(318, '儿时', '刘昊霖', 'static/music/儿时-刘昊霖.mp3', NULL, 5),
(319, '南方姑娘', '赵雷', 'static/music/南方姑娘-赵雷.mp3', NULL, 5),
(320, '成都', '赵雷', 'static/music/成都-赵雷.mp3', NULL, 5),
(321, '丽江小倩', '一瞬间', 'static/music/丽江小倩 - 一瞬间 .mp3', NULL, 5),
(322, '安和桥', '宋冬野', 'static/music/安和桥-宋冬野.mp3', NULL, 5),
(323, '理想', '赵雷', 'static/music/理想-赵雷.mp3', NULL, 5),
(324, '虎口脱险 (Live)', '张磊', 'static/music/张磊 - 虎口脱险 (Live) .mp3', NULL, 5),
(325, '异乡人 (Live)', '张磊', 'static/music/张磊 - 异乡人 (Live) .mp3', NULL, 5),
(326, '车站 (Live)', '朱强&张磊', 'static/music/朱强&张磊 - 车站 (Live) .mp3', NULL, 5),
(327, '少年锦时 (全景音效)', '黄恺张鑫鑫', 'static/music/黄恺张鑫鑫 - 少年锦时 (全景音效) .mp3', NULL, 5),
(328, '南山南 (Live)', '张磊', 'static/music/张磊 - 南山南 (Live) .mp3', NULL, 5),
(329, 'IF YOU', '杨承熹', 'static/music/IF YOU-杨承熹.mp3', NULL, 6),
(330, '不想长大', 'S.H.E', 'static/music/S.H.E - 不想长大 .mp3', NULL, 6),
(331, '匆匆那年 (Live)', '古巨基', 'static/music/古巨基 - 匆匆那年 (Live) .mp3', NULL, 6),
(332, '她来听我的演唱会 (Live)', '希林娜依·高', 'static/music/希林娜依·高 - 她来听我的演唱会 (Live) .mp3', NULL, 6),
(333, '不醉不会 (Live)', '侯志斌', 'static/music/侯志斌 - 不醉不会 (Live) .mp3', NULL, 6),
(334, '异乡人 (Live)', '李健', 'static/music/李健 - 异乡人 (Live) .mp3', NULL, 6),
(335, '稻香', '周杰伦', 'static/music/周杰伦 - 稻香 .mp3', NULL, 6),
(336, '父亲写的散文诗 (Live)', '李健', 'static/music/李健 - 父亲写的散文诗 (Live) .mp3', NULL, 6),
(337, '最长的电影 (Live)', 'Shila Amzah', 'static/music/Shila Amzah - 最长的电影 (Live) .mp3', NULL, 6),
(338, '十万毫升泪水 (Live)', '杨搏', 'static/music/杨搏 - 十万毫升泪水 (Live) .mp3', NULL, 6),
(339, '十点半的地铁 (Live)', '李健', 'static/music/李健 - 十点半的地铁 (Live) .mp3', NULL, 6),
(340, '枫 (Live)', '杨搏', 'static/music/杨搏 - 枫 (Live) .mp3', NULL, 6),
(341, '老男孩', '筷子兄弟', 'static/music/筷子兄弟 - 老男孩 .mp3', NULL, 6),
(342, '我怀里的天空', '樊凡', 'static/music/樊凡 - 我怀里的天空 .mp3', NULL, 6),
(343, '夏洛特烦恼 (Live)', '陈晨', 'static/music/陈晨 - 夏洛特烦恼 (Live) .mp3', NULL, 6),
(344, '全世界失眠', '陈奕迅', 'static/music/陈奕迅 - 全世界失眠 .mp3', NULL, 6),
(345, 'Goodbye My Lover (Live)', '郑迦文', 'static/music/郑迦文 - Goodbye My Lover (Live) .mp3', NULL, 6),
(346, '你永远不知道 (Live)', '林志炫', 'static/music/林志炫 - 你永远不知道 (Live) .mp3', NULL, 6),
(347, '美好的昨天', '胡夏', 'static/music/胡夏 - 美好的昨天 .mp3', NULL, 6),
(348, '你还要我怎样', '薛之谦', 'static/music/你还要我怎样-薛之谦.mp3', NULL, 6),
(349, '天亮了', '韩红', 'static/music/天亮了-韩红.mp3', NULL, 6),
(350, '侧田', '很想很想说再见 (Live)', 'static/music/侧田 - 很想很想说再见 (Live) .mp3', NULL, 6),
(351, '别哭我最爱的人', '郑智化', 'static/music/别哭我最爱的人-郑智化.mp3', NULL, 6),
(352, '几个你', '薛之谦', 'static/music/几个你-薛之谦.mp3', NULL, 6),
(353, '假如爱有天意 (Live)', '李健', 'static/music/假如爱有天意 (Live)-李健.mp3', NULL, 6),
(354, '北京东路的日子', '华语群星', 'static/music/北京东路的日子-华语群星.mp3', NULL, 6),
(355, '匆匆那年 (Live)', '古巨基', 'static/music/匆匆那年 (Live)-古巨基.mp3', NULL, 6),
(356, '多一个人陪伴', '东来东往', 'static/music/多一个人陪伴-东来东往.mp3', NULL, 6),
(357, '光阴的故事', '黄晓明,邓超,佟大为', 'static/music/光阴的故事-黄晓明,邓超,佟大为.mp3', NULL, 6),
(358, '如果当时', '许嵩', 'static/music/如果当时-许嵩.mp3', NULL, 6),
(359, '年少有你', '李易峰', 'static/music/年少有你-李易峰.mp3', NULL, 6),
(360, '拯救', '孙楠', 'static/music/拯救-孙楠.mp3', NULL, 6),
(361, '当你老了', '谭斌 2016_10_5', 'static/music/当你老了-谭斌 2016_10_5.mp3', NULL, 6),
(362, '开门见山 (Live)', '谭维维', 'static/music/开门见山 (Live)-谭维维.mp3', NULL, 6),
(363, '放下', '胡夏', 'static/music/放下-胡夏.mp3', NULL, 6),
(364, '星座书上', '许嵩', 'static/music/星座书上-许嵩.mp3', NULL, 6),
(365, '方圆几里', '薛之谦', 'static/music/方圆几里-薛之谦.mp3', NULL, 6),
(366, '无情', '胡夏', 'static/music/无情-胡夏.mp3', NULL, 6),
(367, '梨花又开放 (Live)', '韩红', 'static/music/梨花又开放 (Live)-韩红.mp3', NULL, 6),
(368, '火柴天堂', '齐秦', 'static/music/火柴天堂-齐秦.mp3', NULL, 6),
(369, '灰色头像', '许嵩', 'static/music/灰色头像-许嵩.mp3', NULL, 6),
(370, '至少还有你', '谭斌_2016_10_15', 'static/music/至少还有你-谭斌_2016_10_15.mp3', NULL, 6),
(371, '那些花儿 (吉他版)', '朴树', 'static/music/那些花儿 (吉他版)-朴树.mp3', NULL, 6),
(372, '连哭都是我的错', '东来东往', 'static/music/连哭都是我的错-东来东往.mp3', NULL, 6),
(373, '老街', '李荣浩', 'static/music/老街-李荣浩.mp3', NULL, 6),
(374, '像梦一样自由', '汪峰', 'static/music/像梦一样自由-汪峰.mp3', NULL, 7),
(375, '从头再来', '刘欢', 'static/music/从头再来-刘欢.mp3', NULL, 7),
(376, '我的天空', '南征北战', 'static/music/我的天空-南征北战.mp3', NULL, 7),
(377, '灯塔 (Live)', '谭维维', 'static/music/灯塔 (Live)-谭维维.mp3', NULL, 7),
(378, '战争世界', '姚贝娜', 'static/music/战争世界-姚贝娜.mp3', NULL, 7),
(379, '喜欢你', 'G.E.M. 邓紫棋', 'static/music/喜欢你-G.E.M. 邓紫棋.mp3', NULL, 7),
(380, '怒放的生命', '汪峰', 'static/music/怒放的生命-汪峰.mp3', NULL, 7),
(381, '屋顶 (Live)', '陶喆,关诗敏', 'static/music/屋顶 (Live)-陶喆,关诗敏.mp3', NULL, 7),
(382, '龙卷风', 'G.E.M. 邓紫棋', 'static/music/龙卷风-G.E.M. 邓紫棋.mp3', NULL, 7),
(383, '向天再借五百年', '韩磊', 'static/music/向天再借五百年-韩磊.mp3', NULL, 7),
(384, '光辉岁月 (粤语)', 'BEYOND', 'static/music/BEYOND - 光辉岁月 (粤语) .mp3', NULL, 7),
(385, '无悔这一生', 'BEYOND', 'static/music/BEYOND - 无悔这一生 .mp3', NULL, 7),
(386, '燕尾蝶 (Live)', '张姝李文慧', 'static/music/张姝李文慧 - 燕尾蝶 (Live) .mp3', NULL, 7),
(387, 'We Will Rock You + 一无所有 + We Are The Champions', 'G.E.M. 邓紫棋', 'static/music/G.E.M. 邓紫棋 - We Will Rock You + 一无所有 + We Are The Champions  .mp3', NULL, 7),
(388, '岁月无声', 'BEYOND', 'static/music/BEYOND - 岁月无声 .mp3', NULL, 7),
(389, '梦回唐朝 (Live)', '刘文天', 'static/music/刘文天 - 梦回唐朝 (Live) .mp3', NULL, 7),
(390, '逝去日子', 'BEYOND', 'static/music/BEYOND - 逝去日子 .mp3', NULL, 7),
(391, '没时间后悔 (Live)', '吕俊哲', 'static/music/吕俊哲 - 没时间后悔 (Live) .mp3', NULL, 7),
(392, 'If I Were A Boy (Live)', 'G.E.M. 邓紫棋', 'static/music/G.E.M. 邓紫棋 - If I Were A Boy (Live) .mp3', NULL, 7),
(393, '不再犹豫', 'BEYOND', 'static/music/BEYOND - 不再犹豫 .mp3', NULL, 7),
(394, 'You Raise Me Up (Live)', '张杰&刘润潼', 'static/music/张杰&刘润潼 - You Raise Me Up (Live) .mp3', NULL, 7),
(395, '恒星 (Live)', '张鑫鑫', 'static/music/张鑫鑫 - 恒星 (Live) .mp3', NULL, 7),
(396, '异类 (Live)', '徐歌阳', 'static/music/徐歌阳 - 异类 (Live) .mp3', NULL, 7),
(397, '你是我心爱的姑娘 (Live)', '狮子合唱团', 'static/music/狮子合唱团 - 你是我心爱的姑娘 (Live) .mp3', NULL, 7),
(398, '横冲直撞 (Live)', '徐歌阳', 'static/music/徐歌阳 - 横冲直撞 (Live) .mp3', NULL, 7),
(399, '一万次悲伤 (Live)', '徐歌阳', 'static/music/徐歌阳 - 一万次悲伤 (Live) .mp3', NULL, 7),
(400, '蝶 (Live)', '徐歌阳', 'static/music/徐歌阳 - 蝶 (Live) .mp3', NULL, 7),
(401, '大地 (Live)', '羽泉', 'static/music/羽泉 - 大地 (Live) .mp3', NULL, 7),
(402, '听不到 (Live)', '狮子合唱团', 'static/music/狮子合唱团 - 听不到 (Live) .mp3', NULL, 7),
(403, 'Whataya Want From Me (Live)', '张玮&Adam Lambert', 'static/music/张玮&Adam Lambert - Whataya Want From Me (Live) .mp3', NULL, 7),
(404, '你是我心爱的姑娘', '汪峰', 'static/music/汪峰 - 你是我心爱的姑娘 .mp3', NULL, 7),
(405, '大桥上 (Live)', '贝贝', 'static/music/贝贝 - 大桥上 (Live) .mp3', NULL, 7),
(406, '我的天空 (Live)', '贝贝修儿', 'static/music/贝贝修儿 - 我的天空 (Live) .mp3', NULL, 7),
(407, '存在 (Live)', '贝贝', 'static/music/贝贝 - 存在 (Live) .mp3', NULL, 7),
(408, '流浪 (Live)', '黄勇', 'static/music/黄勇 - 流浪 (Live) .mp3', NULL, 7),
(409, 'Beat It + 一起摇摆 (Live)', '阿瑞 (Ari)', 'static/music/阿瑞 (Ari) - Beat It + 一起摇摆 (Live) .mp3', NULL, 7),
(410, '从头再来 (Live)', '黄勇林燕', 'static/music/黄勇林燕 - 从头再来 (Live) .mp3', NULL, 7),
(411, '花火 (Live)', '贝贝', 'static/music/贝贝 - 花火 (Live) .mp3', NULL, 7),
(412, '双截棍 (Live)', '陈梓童', 'static/music/陈梓童 - 双截棍 (Live) .mp3', NULL, 7),
(413, '浮夸', '陈奕迅', 'static/music/陈奕迅 - 浮夸 .mp3', NULL, 7),
(414, '爱上你等于爱上寂寞 (Live)', 'A-Lin', 'static/music/爱上你等于爱上寂寞 (Live)-A-Lin.mp3', NULL, 6),
(415, '输了你赢了世界又如何', 'A-Lin', 'static/music/输了你赢了世界又如何 (Live)-A-Lin.mp3', NULL, 6),
(416, '我等到花儿也谢了 (Live)', 'A-Lin', 'static/music/我等到花儿也谢了 (Live)-A-Lin.mp3', NULL, 6);

-- --------------------------------------------------------

--
-- 表的结构 `m_musicclassfiy`
--

CREATE TABLE IF NOT EXISTS `m_musicclassfiy` (
  `muy_id` int(11) unsigned NOT NULL AUTO_INCREMENT COMMENT 'id',
  `muy_name` varchar(255) NOT NULL COMMENT '名称',
  PRIMARY KEY (`muy_id`)
) ENGINE=MyISAM  DEFAULT CHARSET=utf8 COMMENT='音乐分类表' AUTO_INCREMENT=8 ;

--
-- 转存表中的数据 `m_musicclassfiy`
--

INSERT INTO `m_musicclassfiy` (`muy_id`, `muy_name`) VALUES
(1, '常听'),
(2, '欢乐'),
(3, '空灵'),
(4, '流行'),
(5, '民谣'),
(6, '伤感'),
(7, '摇滚');

/*!40101 SET CHARACTER_SET_CLIENT=@OLD_CHARACTER_SET_CLIENT */;
/*!40101 SET CHARACTER_SET_RESULTS=@OLD_CHARACTER_SET_RESULTS */;
/*!40101 SET COLLATION_CONNECTION=@OLD_COLLATION_CONNECTION */;
